Row,Provider,Website,Course Code,Course Name,Level,Description
4,"Canberra Institute of Technology","https://international.cit.edu.au/","078241E","ACT Year 12 Certificate","Senior Secondary Certificate of Education","Develop advanced academic knowledge across multiple disciplines. This qualification provides pathways to university studies or vocational training. Students complete studies across English, Mathematics, Sciences, and Humanities."
5,"Canberra Institute of Technology","https://international.cit.edu.au/","089976G","Diploma of Community Services","Diploma","Prepare for a rewarding career in community services and welfare. Learn to support vulnerable individuals, manage community programs, and develop professional counseling and advocacy skills. Ideal for those passionate about helping others."
6,"Canberra Institute of Technology","https://international.cit.edu.au/","091155E","Certificate IV in Mental Health","Certificate IV","Develop expertise in mental health support and crisis intervention. Learn to work with individuals experiencing mental illness, develop therapeutic communication skills, and understand contemporary mental health practices and treatment options."
7,"Canberra Institute of Technology","https://international.cit.edu.au/","094149A","Certificate III in Hairdressing","Certificate III","Master the art and science of hairdressing. Learn cutting, coloring, styling, and hair care techniques. Develop client consultation skills and build expertise in contemporary and traditional hair design trends."
8,"Canberra Institute of Technology","https://international.cit.edu.au/","094153E","Certificate III in Barbering","Certificate III","Specialize in professional barbering and men's grooming. Learn traditional and modern barbering techniques, facial hair styling, customer service, and salon management. Develop a skilled trade with excellent employment prospects."
9,"Canberra Institute of Technology","https://international.cit.edu.au/","097541B","English for Study and Life (Elementary)","Non AQF Award","Build foundational English language skills for everyday communication and study. Cover basic listening, speaking, reading, and writing. Perfect for beginners preparing for further education or workplace English."
10,"Canberra Institute of Technology","https://international.cit.edu.au/","097543M","English for Study and Life (Pre-Intermediate)","Non AQF Award","Develop practical English language abilities for study and professional environments. Improve grammar, vocabulary, and communication skills. Prepare for intermediate-level English requirements in academic and workplace settings."
11,"Canberra Institute of Technology","https://international.cit.edu.au/","097544K","English for Study and Life (Intermediate)","Non AQF Award","Enhance intermediate English language proficiency for academic and professional success. Develop critical thinking in English, business communication, and presentation skills. Suitable for students transitioning to diploma and degree programs."
12,"Canberra Institute of Technology","https://international.cit.edu.au/","097545J","English for Study and Life (Upper-Intermediate)","Non AQF Award","Master advanced English language skills required for university study and professional workplace environments. Focus on academic writing, critical analysis, and complex communication scenarios."
13,"Canberra Institute of Technology","https://international.cit.edu.au/","097546G","English for Study and Life (Advanced)","Non AQF Award","Achieve proficiency in advanced English suitable for higher education. Develop sophisticated writing, research communication, and academic presentation skills. Prepare for success in university degree programs."
14,"Canberra Institute of Technology","https://international.cit.edu.au/","097547G","English for Study and Life (Academic)","Non AQF Award","Specialize in academic English language skills required for university study. Master essay writing, research paper composition, and academic argument development. Essential preparation for degree-level studies."
15,"Canberra Institute of Technology","https://international.cit.edu.au/","097548F","English for Study and Life (Preparation for IELTS 7)","Non AQF Award","Prepare intensively for IELTS 7.0 band score requirement. Focus on examination strategies, advanced grammar, academic writing, and listening comprehension. Develop confidence for international education pathways."
16,"Canberra Institute of Technology","https://international.cit.edu.au/","099898A","Preparation for the Pearson Test of English Academic","Non AQF Award","Prepare for Pearson PTE Academic examination. Develop test-taking strategies, advanced English skills, and confidence for international study applications. Comprehensive coverage of all examination components."
17,"Canberra Institute of Technology","https://international.cit.edu.au/","104558H","Certificate IV in Leadership and Management","Certificate IV","Develop professional leadership and management capabilities. Learn team management, organizational behavior, strategic planning, and decision-making. Gain recognized credentials for supervisory and management roles."
18,"Canberra Institute of Technology","https://international.cit.edu.au/","104559G","Diploma of Leadership and Management","Diploma","Advance your management career with comprehensive leadership development. Master organizational strategy, human resource management, financial oversight, and change management. Ideal for aspiring senior managers and entrepreneurs."
19,"Canberra Institute of Technology","https://international.cit.edu.au/","104665E","Certificate IV in Building and Construction","Certificate IV","Learn essential building and construction principles including safety, planning, materials, and site management. Gain practical skills in construction coordination and supervision. Pathway to building industry careers."
20,"Canberra Institute of Technology","https://international.cit.edu.au/","104671G","Diploma of Building and Construction (Building)","Diploma","Develop comprehensive expertise in building construction management. Study design, planning, materials science, and construction supervision. Prepare for senior roles in building and construction industries."
21,"Canberra Institute of Technology","https://international.cit.edu.au/","105812B","Diploma of Graphic Design","Diploma","Master contemporary graphic design principles and digital tools. Learn visual communication, brand design, digital media creation, and industry-standard software. Prepare for creative careers in advertising and design industries."
22,"Canberra Institute of Technology","https://international.cit.edu.au/","108479H","Certificate III in Information Technology","Certificate III","Develop fundamental IT skills for modern workplaces. Learn computer systems, networking basics, software applications, and digital literacy. Essential foundation for IT career progression."
23,"Canberra Institute of Technology","https://international.cit.edu.au/","108480D","Diploma of Information Technology","Diploma","Advance IT expertise in systems, programming, networking, and database management. Gain professional-level technical skills. Ideal for IT support, system administration, or programming roles."
24,"Canberra Institute of Technology","https://international.cit.edu.au/","108481C","Certificate IV in Information Technology","Certificate IV","Specialize in advanced IT topics including network security, system administration, and technical support. Develop expertise for professional IT positions. Build foundation for degree-level IT studies."
25,"Canberra Institute of Technology","https://international.cit.edu.au/","109721F","Certificate IV in Kitchen Management","Certificate IV","Learn professional kitchen management, food safety, menu planning, and staff supervision. Develop skills for head chef and kitchen manager positions. Essential for hospitality industry leadership."
26,"Canberra Institute of Technology","https://international.cit.edu.au/","109752K","Certificate III in Patisserie","Certificate III","Specialize in pastry making and fine baking techniques. Learn advanced pastry, dessert creation, and presentation skills. Ideal for careers in hotels, restaurants, and patisserie establishments."
27,"Canberra Institute of Technology","https://international.cit.edu.au/","109761J","Certificate III in Commercial Cookery","Certificate III","Master commercial kitchen skills and professional cooking techniques. Learn food safety, menu preparation, and kitchen operations. Foundation for rewarding hospitality industry careers."
28,"Canberra Institute of Technology","https://international.cit.edu.au/","110026H","Certificate IV in Accounting and Bookkeeping","Certificate IV","Develop professional accounting and bookkeeping competencies. Learn financial record-keeping, tax principles, and accounting software. Prepare for accounting positions or further accounting qualifications."
29,"Canberra Institute of Technology","https://international.cit.edu.au/","110030A","Certificate III in Accounts Administration","Certificate III","Learn administrative accounting functions and financial record management. Develop competency in accounts payable, receivable, and basic bookkeeping. Entry point for finance careers."
30,"Canberra Institute of Technology","https://international.cit.edu.au/","110727A","Certificate III in Early Childhood Education and Care","Certificate III","Prepare for childcare and early childhood education careers. Learn child development, learning theory, health and safety, and professional practices. Essential qualification for working with young children."
31,"Canberra Institute of Technology","https://international.cit.edu.au/","111243B","Certificate III in Make-Up","Certificate III","Master professional makeup artistry and cosmetics application. Learn various makeup techniques, color theory, and beauty industry practices. Ideal for careers in cosmetology and beauty sectors."
32,"Canberra Institute of Technology","https://international.cit.edu.au/","111244A","Diploma of Visual Arts","Diploma","Develop comprehensive visual arts practice and professional portfolio. Study drawing, painting, sculpture, digital media, and art theory. Prepare for careers in fine arts, gallery work, and creative industries."
33,"Canberra Institute of Technology","https://international.cit.edu.au/","111262K","Diploma of Early Childhood Education and Care","Diploma","Advance early childhood education expertise with advanced child development knowledge. Learn curriculum planning, program leadership, and professional development. Ideal for childcare center managers and educators."
